interested_id,user_id,product_id
1,"[{""value"":51}]",1
2,"[{""value"":907},{""value"":515},{""value"":345}]",2
3,"[{""value"":884},{""value"":844}]",3
4,"[{""value"":916}]",4
5,"[{""value"":262},{""value"":360}]",5
6,"[{""value"":500},{""value"":905},{""value"":623},{""value"":662}]",6
7,"[{""value"":536},{""value"":136},{""value"":612},{""value"":191},{""value"":166}]",7
8,"[{""value"":197},{""value"":220},{""value"":299}]",8
9,"[{""value"":993},{""value"":431},{""value"":363}]",9
10,"[{""value"":675}]",10
11,"[{""value"":992}]",11
12,"[{""value"":467},{""value"":411}]",12
13,"[{""value"":95},{""value"":743},{""value"":454},{""value"":207},{""value"":502}]",13
14,"[{""value"":407}]",14
15,"[{""value"":759},{""value"":531},{""value"":119},{""value"":607}]",15
16,"[{""value"":329},{""value"":576},{""value"":761}]",16
17,"[{""value"":580},{""value"":495},{""value"":863}]",17
18,"[{""value"":245},{""value"":577},{""value"":450}]",18
19,"[{""value"":992},{""value"":562},{""value"":908},{""value"":485}]",19
20,"[{""value"":476},{""value"":994},{""value"":682},{""value"":140}]",20
21,"[{""value"":330},{""value"":67},{""value"":273},{""value"":258},{""value"":399}]",21
22,"[{""value"":181},{""value"":819},{""value"":301},{""value"":944}]",22
23,"[{""value"":588},{""value"":188},{""value"":250}]",23
24,"[{""value"":898},{""value"":738},{""value"":39},{""value"":183},{""value"":174}]",24
25,"[{""value"":104},{""value"":551},{""value"":452},{""value"":859},{""value"":250}]",25
26,"[{""value"":227}]",26
27,"[{""value"":789},{""value"":702},{""value"":846},{""value"":86}]",27
28,"[{""value"":913}]",28
29,"[{""value"":613},{""value"":468}]",29
30,"[{""value"":456},{""value"":326},{""value"":349},{""value"":875}]",30
31,"[{""value"":359},{""value"":197},{""value"":817},{""value"":454},{""value"":971}]",31
32,"[{""value"":665},{""value"":212},{""value"":233},{""value"":463},{""value"":464}]",32
33,"[{""value"":290}]",33
34,"[{""value"":454},{""value"":173},{""value"":294},{""value"":719}]",34
35,"[{""value"":924},{""value"":863},{""value"":184}]",35
36,"[{""value"":850},{""value"":483}]",36
37,"[{""value"":897}]",37
38,"[{""value"":259},{""value"":517},{""value"":309},{""value"":446},{""value"":10}]",38
39,"[{""value"":219}]",39
40,"[{""value"":592},{""value"":612}]",40
41,"[{""value"":940}]",41
42,"[{""value"":424},{""value"":480},{""value"":925}]",42
43,"[{""value"":279},{""value"":723},{""value"":273},{""value"":92}]",43
44,"[{""value"":802},{""value"":368},{""value"":403},{""value"":104}]",44
45,"[{""value"":663},{""value"":622},{""value"":716}]",45
46,"[{""value"":588},{""value"":787},{""value"":600}]",46
47,"[{""value"":672},{""value"":735},{""value"":810},{""value"":501},{""value"":423}]",47
48,"[{""value"":66},{""value"":859},{""value"":509}]",48
49,"[{""value"":28}]",49
50,"[{""value"":181}]",50
51,"[{""value"":143},{""value"":4},{""value"":953},{""value"":445},{""value"":4}]",51
52,"[{""value"":111},{""value"":547},{""value"":605}]",52
53,"[{""value"":103},{""value"":235},{""value"":943}]",53
54,"[{""value"":180},{""value"":151},{""value"":283}]",54
55,"[{""value"":878},{""value"":536},{""value"":612},{""value"":273},{""value"":991}]",55
56,"[{""value"":740},{""value"":379},{""value"":586}]",56
57,"[{""value"":692}]",57
58,"[{""value"":383},{""value"":706},{""value"":597},{""value"":602},{""value"":920}]",58
59,"[{""value"":424},{""value"":250},{""value"":94},{""value"":509}]",59
60,"[{""value"":95},{""value"":369},{""value"":483},{""value"":854}]",60
61,"[{""value"":317},{""value"":315},{""value"":291}]",61
62,"[{""value"":161},{""value"":918},{""value"":54}]",62
63,"[{""value"":204},{""value"":859},{""value"":765},{""value"":342}]",63
64,"[{""value"":220},{""value"":593},{""value"":25}]",64
65,"[{""value"":497},{""value"":401},{""value"":155},{""value"":959}]",65
66,"[{""value"":541},{""value"":151},{""value"":925}]",66
67,"[{""value"":388},{""value"":958},{""value"":998}]",67
68,"[{""value"":45}]",68
69,"[{""value"":347},{""value"":265}]",69
70,"[{""value"":490}]",70
71,"[{""value"":601},{""value"":312},{""value"":306},{""value"":258},{""value"":553}]",71
72,"[{""value"":153}]",72
73,"[{""value"":917},{""value"":41},{""value"":627}]",73
74,"[{""value"":559},{""value"":965}]",74
75,"[{""value"":560},{""value"":155},{""value"":490},{""value"":353},{""value"":883}]",75
76,"[{""value"":779}]",76
77,"[{""value"":86},{""value"":927},{""value"":138},{""value"":882}]",77
78,"[{""value"":19},{""value"":552}]",78
79,"[{""value"":900},{""value"":25},{""value"":224},{""value"":451}]",79
80,"[{""value"":526}]",80
81,"[{""value"":411},{""value"":96},{""value"":301}]",81
82,"[{""value"":552},{""value"":487},{""value"":647}]",82
83,"[{""value"":599}]",83
84,"[{""value"":73},{""value"":84},{""value"":278}]",84
85,"[{""value"":827}]",85
86,"[{""value"":727},{""value"":497},{""value"":898},{""value"":573},{""value"":896}]",86
87,"[{""value"":615}]",87
88,"[{""value"":377}]",88
89,"[{""value"":717}]",89
90,"[{""value"":538},{""value"":406},{""value"":293}]",90
91,"[{""value"":323},{""value"":713}]",91
92,"[{""value"":352},{""value"":228}]",92
93,"[{""value"":184},{""value"":856}]",93
94,"[{""value"":357},{""value"":33}]",94
95,"[{""value"":911},{""value"":775},{""value"":140}]",95
96,"[{""value"":177},{""value"":688},{""value"":328}]",96
97,"[{""value"":227},{""value"":508},{""value"":185},{""value"":717}]",97
98,"[{""value"":911},{""value"":124},{""value"":734},{""value"":342}]",98
99,"[{""value"":727},{""value"":581}]",99
100,"[{""value"":584},{""value"":328},{""value"":379}]",100
101,"[{""value"":959},{""value"":13},{""value"":649},{""value"":959},{""value"":508}]",101
102,"[{""value"":312},{""value"":425},{""value"":324},{""value"":454},{""value"":617}]",102
103,"[{""value"":328}]",103
104,"[{""value"":122},{""value"":299},{""value"":944}]",104
105,"[{""value"":380}]",105
106,"[{""value"":123},{""value"":781}]",106
107,"[{""value"":854},{""value"":734},{""value"":946},{""value"":978}]",107
108,"[{""value"":951},{""value"":15},{""value"":653},{""value"":702},{""value"":429}]",108
109,"[{""value"":527}]",109
110,"[{""value"":747},{""value"":525},{""value"":341},{""value"":307},{""value"":255}]",110
111,"[{""value"":277}]",111
112,"[{""value"":397},{""value"":47},{""value"":222},{""value"":5}]",112
113,"[{""value"":839},{""value"":908},{""value"":49},{""value"":654},{""value"":888}]",113
114,"[{""value"":615},{""value"":11},{""value"":720}]",114
115,"[{""value"":148},{""value"":283},{""value"":703}]",115
116,"[{""value"":711},{""value"":201},{""value"":2},{""value"":8}]",116
117,"[{""value"":447},{""value"":574},{""value"":867},{""value"":122},{""value"":741}]",117
118,"[{""value"":607},{""value"":961},{""value"":188}]",118
119,"[{""value"":146},{""value"":946},{""value"":454}]",119
120,"[{""value"":929},{""value"":324},{""value"":818}]",120
121,"[{""value"":762},{""value"":301},{""value"":808},{""value"":505},{""value"":321}]",121
122,"[{""value"":685},{""value"":620},{""value"":460},{""value"":1000}]",122
123,"[{""value"":459},{""value"":609},{""value"":107},{""value"":932}]",123
124,"[{""value"":398},{""value"":259},{""value"":108}]",124
125,"[{""value"":339},{""value"":712},{""value"":197}]",125
126,"[{""value"":478},{""value"":739}]",126
127,"[{""value"":694}]",127
128,"[{""value"":163}]",128
129,"[{""value"":413},{""value"":549},{""value"":590},{""value"":376},{""value"":296}]",129
130,"[{""value"":589},{""value"":931},{""value"":632},{""value"":762}]",130
131,"[{""value"":825},{""value"":409},{""value"":816},{""value"":457}]",131
132,"[{""value"":146},{""value"":726},{""value"":778},{""value"":57},{""value"":201}]",132
133,"[{""value"":691},{""value"":53},{""value"":293}]",133
134,"[{""value"":714},{""value"":743},{""value"":215}]",134
135,"[{""value"":758},{""value"":462},{""value"":611}]",135
136,"[{""value"":852}]",136
137,"[{""value"":784}]",137
138,"[{""value"":966},{""value"":234},{""value"":238},{""value"":367},{""value"":16}]",138
139,"[{""value"":425},{""value"":43},{""value"":555},{""value"":938}]",139
140,"[{""value"":925}]",140
141,"[{""value"":685},{""value"":279}]",141
142,"[{""value"":383},{""value"":448}]",142
143,"[{""value"":6}]",143
144,"[{""value"":885},{""value"":520}]",144
145,"[{""value"":293}]",145
146,"[{""value"":255},{""value"":932},{""value"":277},{""value"":840}]",146
147,"[{""value"":255},{""value"":205},{""value"":92},{""value"":979},{""value"":271}]",147
148,"[{""value"":923}]",148
149,"[{""value"":381},{""value"":389}]",149
150,"[{""value"":278},{""value"":352},{""value"":507},{""value"":193}]",150
151,"[{""value"":869},{""value"":360},{""value"":977}]",151
152,"[{""value"":692},{""value"":624}]",152
153,"[{""value"":754},{""value"":452},{""value"":709},{""value"":4},{""value"":47}]",153
154,"[{""value"":358}]",154
155,"[{""value"":25},{""value"":6},{""value"":716}]",155
156,"[{""value"":417},{""value"":603},{""value"":217},{""value"":605}]",156
157,"[{""value"":353},{""value"":443},{""value"":433}]",157
158,"[{""value"":639},{""value"":823}]",158
159,"[{""value"":401},{""value"":399}]",159
160,"[{""value"":111},{""value"":29}]",160
161,"[{""value"":732},{""value"":580},{""value"":412}]",161
162,"[{""value"":639},{""value"":610}]",162
163,"[{""value"":471},{""value"":88},{""value"":906}]",163
164,"[{""value"":92},{""value"":855},{""value"":73},{""value"":463},{""value"":431}]",164
165,"[{""value"":449},{""value"":246}]",165
166,"[{""value"":539},{""value"":165}]",166
167,"[{""value"":443}]",167
168,"[{""value"":713},{""value"":212}]",168
169,"[{""value"":359},{""value"":952}]",169
170,"[{""value"":927},{""value"":422}]",170
171,"[{""value"":502},{""value"":989}]",171
172,"[{""value"":958},{""value"":80},{""value"":685}]",172
173,"[{""value"":126}]",173
174,"[{""value"":646},{""value"":158}]",174
175,"[{""value"":598}]",175
176,"[{""value"":708},{""value"":330},{""value"":961},{""value"":760},{""value"":423}]",176
177,"[{""value"":657},{""value"":854},{""value"":766}]",177
178,"[{""value"":928},{""value"":83}]",178
179,"[{""value"":153}]",179
180,"[{""value"":861},{""value"":302}]",180
181,"[{""value"":855},{""value"":373},{""value"":91},{""value"":326},{""value"":577}]",181
182,"[{""value"":943},{""value"":812},{""value"":326}]",182
183,"[{""value"":805},{""value"":783},{""value"":805},{""value"":224}]",183
184,"[{""value"":902},{""value"":170}]",184
185,"[{""value"":611},{""value"":248},{""value"":710},{""value"":478}]",185
186,"[{""value"":534},{""value"":795},{""value"":140}]",186
187,"[{""value"":605}]",187
188,"[{""value"":865},{""value"":377},{""value"":929},{""value"":221}]",188
189,"[{""value"":257},{""value"":54}]",189
190,"[{""value"":965},{""value"":230},{""value"":254}]",190
191,"[{""value"":709},{""value"":164},{""value"":145}]",191
192,"[{""value"":284},{""value"":542},{""value"":432},{""value"":697},{""value"":674}]",192
193,"[{""value"":173},{""value"":559},{""value"":832},{""value"":593},{""value"":878}]",193
194,"[{""value"":927},{""value"":733},{""value"":164}]",194
195,"[{""value"":239},{""value"":791},{""value"":697},{""value"":863}]",195
196,"[{""value"":29},{""value"":391},{""value"":570},{""value"":463}]",196
197,"[{""value"":346},{""value"":434},{""value"":129},{""value"":825},{""value"":822}]",197
198,"[{""value"":586},{""value"":263},{""value"":591}]",198
199,"[{""value"":856},{""value"":215},{""value"":795}]",199
200,"[{""value"":731},{""value"":377},{""value"":887}]",200
201,"[{""value"":623},{""value"":859},{""value"":379},{""value"":426},{""value"":321}]",201
202,"[{""value"":204}]",202
203,"[{""value"":397}]",203
204,"[{""value"":159},{""value"":655},{""value"":728},{""value"":964}]",204
205,"[{""value"":618},{""value"":283},{""value"":312},{""value"":935},{""value"":898}]",205
206,"[{""value"":767},{""value"":824}]",206
207,"[{""value"":818},{""value"":573}]",207
208,"[{""value"":349},{""value"":255},{""value"":105}]",208
209,"[{""value"":495},{""value"":587},{""value"":384}]",209
210,"[{""value"":517},{""value"":761},{""value"":740},{""value"":488},{""value"":686}]",210
211,"[{""value"":974},{""value"":449},{""value"":761}]",211
212,"[{""value"":465},{""value"":609},{""value"":37}]",212
213,"[{""value"":571},{""value"":609},{""value"":636},{""value"":342}]",213
214,"[{""value"":409},{""value"":719}]",214
215,"[{""value"":223},{""value"":58},{""value"":492},{""value"":671}]",215
216,"[{""value"":40},{""value"":13}]",216
217,"[{""value"":416},{""value"":71},{""value"":505},{""value"":73}]",217
218,"[{""value"":788},{""value"":132},{""value"":472},{""value"":591}]",218
219,"[{""value"":150},{""value"":430},{""value"":706},{""value"":366},{""value"":262}]",219
220,"[{""value"":108},{""value"":443},{""value"":597},{""value"":11},{""value"":237}]",220
221,"[{""value"":40},{""value"":175},{""value"":334},{""value"":252},{""value"":510}]",221
222,"[{""value"":836},{""value"":353}]",222
223,"[{""value"":770}]",223
224,"[{""value"":134}]",224
225,"[{""value"":817},{""value"":206},{""value"":542}]",225
226,"[{""value"":214},{""value"":535},{""value"":311},{""value"":145},{""value"":906}]",226
227,"[{""value"":2}]",227
228,"[{""value"":378}]",228
229,"[{""value"":397},{""value"":329},{""value"":531},{""value"":524},{""value"":938}]",229
230,"[{""value"":565},{""value"":621}]",230
231,"[{""value"":125},{""value"":587},{""value"":549}]",231
232,"[{""value"":475},{""value"":601},{""value"":861},{""value"":841},{""value"":122}]",232
233,"[{""value"":538},{""value"":872},{""value"":46},{""value"":893}]",233
234,"[{""value"":428},{""value"":807},{""value"":180}]",234
235,"[{""value"":848}]",235
236,"[{""value"":439}]",236
237,"[{""value"":489},{""value"":62},{""value"":937},{""value"":466},{""value"":291}]",237
238,"[{""value"":886}]",238
239,"[{""value"":613}]",239
240,"[{""value"":872},{""value"":9},{""value"":45},{""value"":506},{""value"":530}]",240
241,"[{""value"":929},{""value"":486},{""value"":633}]",241
242,"[{""value"":863},{""value"":784},{""value"":440}]",242
243,"[{""value"":929},{""value"":412},{""value"":993},{""value"":48}]",243
244,"[{""value"":926}]",244
245,"[{""value"":340},{""value"":390},{""value"":966},{""value"":6}]",245
246,"[{""value"":604},{""value"":436},{""value"":995},{""value"":640}]",246
247,"[{""value"":505}]",247
248,"[{""value"":39},{""value"":722}]",248
249,"[{""value"":34},{""value"":84},{""value"":35},{""value"":205}]",249
250,"[{""value"":65}]",250
251,"[{""value"":19},{""value"":565},{""value"":423}]",251
252,"[{""value"":471}]",252
253,"[{""value"":787},{""value"":888},{""value"":246}]",253
254,"[{""value"":407},{""value"":324},{""value"":378}]",254
255,"[{""value"":917}]",255
256,"[{""value"":5},{""value"":209},{""value"":864},{""value"":328},{""value"":729}]",256
257,"[{""value"":904}]",257
258,"[{""value"":851},{""value"":866},{""value"":524},{""value"":804},{""value"":267}]",258
259,"[{""value"":548}]",259
260,"[{""value"":74},{""value"":978}]",260
261,"[{""value"":391},{""value"":997}]",261
262,"[{""value"":976},{""value"":347},{""value"":438},{""value"":83}]",262
263,"[{""value"":44},{""value"":70}]",263
264,"[{""value"":856},{""value"":112},{""value"":729}]",264
265,"[{""value"":499},{""value"":485},{""value"":565},{""value"":413}]",265
266,"[{""value"":786}]",266
267,"[{""value"":180},{""value"":127},{""value"":937},{""value"":747}]",267
268,"[{""value"":941},{""value"":883}]",268
269,"[{""value"":72}]",269
270,"[{""value"":336},{""value"":320}]",270
271,"[{""value"":33}]",271
272,"[{""value"":909}]",272
273,"[{""value"":829},{""value"":895},{""value"":40}]",273
274,"[{""value"":218},{""value"":71},{""value"":770}]",274
275,"[{""value"":111},{""value"":809},{""value"":202},{""value"":863}]",275
276,"[{""value"":471}]",276
277,"[{""value"":220},{""value"":922},{""value"":920}]",277
278,"[{""value"":698},{""value"":859},{""value"":506},{""value"":374}]",278
279,"[{""value"":208},{""value"":778},{""value"":572},{""value"":50},{""value"":638}]",279
280,"[{""value"":640},{""value"":374}]",280
281,"[{""value"":917}]",281
282,"[{""value"":899},{""value"":968},{""value"":285}]",282
283,"[{""value"":652},{""value"":845},{""value"":103},{""value"":165}]",283
284,"[{""value"":660},{""value"":235},{""value"":649},{""value"":703}]",284
285,"[{""value"":965}]",285
286,"[{""value"":948},{""value"":216},{""value"":622},{""value"":324},{""value"":932}]",286
287,"[{""value"":870},{""value"":310},{""value"":799},{""value"":242}]",287
288,"[{""value"":804},{""value"":147},{""value"":549}]",288
289,"[{""value"":525},{""value"":987},{""value"":8},{""value"":362}]",289
290,"[{""value"":114},{""value"":221}]",290
291,"[{""value"":743},{""value"":945},{""value"":865},{""value"":943}]",291
292,"[{""value"":765},{""value"":503},{""value"":705}]",292
293,"[{""value"":298}]",293
294,"[{""value"":213},{""value"":195},{""value"":505},{""value"":164}]",294
295,"[{""value"":877},{""value"":40},{""value"":839},{""value"":625}]",295
296,"[{""value"":177},{""value"":427},{""value"":493},{""value"":960},{""value"":502}]",296
297,"[{""value"":617},{""value"":22}]",297
298,"[{""value"":226}]",298
299,"[{""value"":803},{""value"":136}]",299
300,"[{""value"":749},{""value"":658},{""value"":727}]",300
301,"[{""value"":769},{""value"":769}]",301
302,"[{""value"":512},{""value"":784},{""value"":96},{""value"":250}]",302
303,"[{""value"":800},{""value"":355}]",303
304,"[{""value"":325},{""value"":449},{""value"":126},{""value"":3},{""value"":614}]",304
305,"[{""value"":914}]",305
306,"[{""value"":787},{""value"":858},{""value"":73}]",306
307,"[{""value"":960},{""value"":543},{""value"":508}]",307
308,"[{""value"":615},{""value"":124}]",308
309,"[{""value"":210},{""value"":282},{""value"":723},{""value"":553},{""value"":938}]",309
310,"[{""value"":221}]",310
311,"[{""value"":612},{""value"":758},{""value"":711},{""value"":454}]",311
312,"[{""value"":467},{""value"":867}]",312
313,"[{""value"":924},{""value"":754},{""value"":438},{""value"":292}]",313
314,"[{""value"":869},{""value"":185},{""value"":713},{""value"":110}]",314
315,"[{""value"":134},{""value"":592},{""value"":532}]",315
316,"[{""value"":600},{""value"":19}]",316
317,"[{""value"":841},{""value"":585},{""value"":886},{""value"":440},{""value"":388}]",317
318,"[{""value"":388},{""value"":867}]",318
319,"[{""value"":142}]",319
320,"[{""value"":603},{""value"":324},{""value"":441},{""value"":467},{""value"":224}]",320
321,"[{""value"":347}]",321
322,"[{""value"":698},{""value"":732}]",322
323,"[{""value"":738},{""value"":636},{""value"":985},{""value"":79}]",323
324,"[{""value"":294}]",324
325,"[{""value"":670}]",325
326,"[{""value"":186},{""value"":300},{""value"":298},{""value"":654}]",326
327,"[{""value"":140},{""value"":253},{""value"":280}]",327
328,"[{""value"":217},{""value"":364},{""value"":953},{""value"":232},{""value"":117}]",328
329,"[{""value"":616},{""value"":461},{""value"":499},{""value"":529},{""value"":636}]",329
330,"[{""value"":465},{""value"":114},{""value"":106},{""value"":906}]",330
331,"[{""value"":794},{""value"":521},{""value"":720},{""value"":685}]",331
332,"[{""value"":996},{""value"":817},{""value"":644},{""value"":771}]",332
333,"[{""value"":586}]",333
334,"[{""value"":476},{""value"":795},{""value"":959},{""value"":554}]",334
335,"[{""value"":551},{""value"":311},{""value"":114}]",335
336,"[{""value"":351},{""value"":881}]",336
337,"[{""value"":190},{""value"":276}]",337
338,"[{""value"":66},{""value"":517},{""value"":31}]",338
339,"[{""value"":916}]",339
340,"[{""value"":939},{""value"":936},{""value"":109}]",340
341,"[{""value"":548},{""value"":262},{""value"":730},{""value"":919},{""value"":493}]",341
342,"[{""value"":797},{""value"":760},{""value"":526},{""value"":251},{""value"":230}]",342
343,"[{""value"":136}]",343
344,"[{""value"":832},{""value"":973},{""value"":357},{""value"":817}]",344
345,"[{""value"":293},{""value"":241},{""value"":562},{""value"":453}]",345
346,"[{""value"":494},{""value"":229},{""value"":169},{""value"":395},{""value"":210}]",346
347,"[{""value"":750}]",347
348,"[{""value"":573},{""value"":421},{""value"":935},{""value"":962},{""value"":611}]",348
349,"[{""value"":659},{""value"":651},{""value"":653}]",349
350,"[{""value"":443},{""value"":347},{""value"":868},{""value"":545}]",350
351,"[{""value"":498},{""value"":704}]",351
352,"[{""value"":3},{""value"":663},{""value"":553},{""value"":532},{""value"":115}]",352
353,"[{""value"":284},{""value"":813},{""value"":578}]",353
354,"[{""value"":688},{""value"":116},{""value"":255},{""value"":811},{""value"":640}]",354
355,"[{""value"":361},{""value"":104}]",355
356,"[{""value"":286},{""value"":270}]",356
357,"[{""value"":227},{""value"":179},{""value"":396},{""value"":242}]",357
358,"[{""value"":252},{""value"":641}]",358
359,"[{""value"":191},{""value"":301},{""value"":696},{""value"":494},{""value"":210}]",359
360,"[{""value"":185},{""value"":801},{""value"":910}]",360
361,"[{""value"":252},{""value"":623},{""value"":485},{""value"":111}]",361
362,"[{""value"":80}]",362
363,"[{""value"":21},{""value"":954}]",363
364,"[{""value"":596},{""value"":686},{""value"":956},{""value"":116},{""value"":807}]",364
365,"[{""value"":969},{""value"":2},{""value"":159}]",365
366,"[{""value"":717},{""value"":163}]",366
367,"[{""value"":523}]",367
368,"[{""value"":149},{""value"":214}]",368
369,"[{""value"":467},{""value"":110},{""value"":976},{""value"":513}]",369
370,"[{""value"":398}]",370
371,"[{""value"":836},{""value"":485},{""value"":907}]",371
372,"[{""value"":677}]",372
373,"[{""value"":235},{""value"":571},{""value"":514},{""value"":831},{""value"":582}]",373
374,"[{""value"":428}]",374
375,"[{""value"":593},{""value"":647},{""value"":266},{""value"":604}]",375
376,"[{""value"":89},{""value"":139},{""value"":361},{""value"":247},{""value"":73}]",376
377,"[{""value"":448},{""value"":643},{""value"":668},{""value"":949}]",377
378,"[{""value"":489},{""value"":363},{""value"":799}]",378
379,"[{""value"":48},{""value"":435}]",379
380,"[{""value"":182},{""value"":319},{""value"":23},{""value"":714},{""value"":624}]",380
381,"[{""value"":577},{""value"":273},{""value"":114},{""value"":189},{""value"":212}]",381
382,"[{""value"":442},{""value"":247},{""value"":382}]",382
383,"[{""value"":947},{""value"":815}]",383
384,"[{""value"":180},{""value"":771},{""value"":289},{""value"":118},{""value"":353}]",384
385,"[{""value"":623}]",385
386,"[{""value"":811},{""value"":650},{""value"":165},{""value"":145},{""value"":163}]",386
387,"[{""value"":886},{""value"":817}]",387
388,"[{""value"":843},{""value"":106},{""value"":604},{""value"":195},{""value"":587}]",388
389,"[{""value"":160}]",389
390,"[{""value"":721}]",390
391,"[{""value"":418},{""value"":901},{""value"":16},{""value"":883},{""value"":527}]",391
392,"[{""value"":549},{""value"":34},{""value"":892}]",392
393,"[{""value"":546}]",393
394,"[{""value"":934},{""value"":295},{""value"":817},{""value"":125}]",394
395,"[{""value"":116},{""value"":184},{""value"":845}]",395
396,"[{""value"":316},{""value"":468}]",396
397,"[{""value"":964},{""value"":137},{""value"":621}]",397
398,"[{""value"":864},{""value"":866},{""value"":781}]",398
399,"[{""value"":617},{""value"":383}]",399
400,"[{""value"":726},{""value"":760}]",400
401,"[{""value"":368},{""value"":714}]",401
402,"[{""value"":127}]",402
403,"[{""value"":486},{""value"":494},{""value"":107}]",403
404,"[{""value"":889},{""value"":312},{""value"":150},{""value"":898},{""value"":45}]",404
405,"[{""value"":350},{""value"":275}]",405
406,"[{""value"":193}]",406
407,"[{""value"":348},{""value"":291},{""value"":231}]",407
408,"[{""value"":642},{""value"":411},{""value"":895},{""value"":93}]",408
409,"[{""value"":362},{""value"":275},{""value"":421},{""value"":82},{""value"":49}]",409
410,"[{""value"":453},{""value"":569},{""value"":91},{""value"":912},{""value"":197}]",410
411,"[{""value"":684}]",411
412,"[{""value"":635},{""value"":957},{""value"":94},{""value"":969},{""value"":710}]",412
413,"[{""value"":414},{""value"":250}]",413
414,"[{""value"":570},{""value"":657}]",414
415,"[{""value"":412},{""value"":262}]",415
416,"[{""value"":968},{""value"":347},{""value"":909}]",416
417,"[{""value"":56},{""value"":405},{""value"":968},{""value"":111}]",417
418,"[{""value"":652},{""value"":980}]",418
419,"[{""value"":313},{""value"":942}]",419
420,"[{""value"":180},{""value"":136}]",420
421,"[{""value"":337},{""value"":308},{""value"":353},{""value"":86},{""value"":955}]",421
422,"[{""value"":970},{""value"":807},{""value"":442},{""value"":582},{""value"":670}]",422
423,"[{""value"":162},{""value"":236},{""value"":516},{""value"":165},{""value"":290}]",423
424,"[{""value"":585},{""value"":872},{""value"":491}]",424
425,"[{""value"":771},{""value"":417},{""value"":416},{""value"":463}]",425
426,"[{""value"":440},{""value"":632},{""value"":177},{""value"":363}]",426
427,"[{""value"":911},{""value"":553},{""value"":104}]",427
428,"[{""value"":914},{""value"":724},{""value"":333},{""value"":489},{""value"":549}]",428
429,"[{""value"":328},{""value"":862},{""value"":550},{""value"":516}]",429
430,"[{""value"":442}]",430
431,"[{""value"":744}]",431
432,"[{""value"":904},{""value"":56}]",432
433,"[{""value"":5},{""value"":432},{""value"":654}]",433
434,"[{""value"":988},{""value"":586},{""value"":42},{""value"":332},{""value"":565}]",434
435,"[{""value"":114},{""value"":456},{""value"":734},{""value"":293},{""value"":67}]",435
436,"[{""value"":25},{""value"":418}]",436
437,"[{""value"":532},{""value"":283},{""value"":245},{""value"":585}]",437
438,"[{""value"":21},{""value"":971},{""value"":307}]",438
439,"[{""value"":878}]",439
440,"[{""value"":104}]",440
441,"[{""value"":888},{""value"":57},{""value"":913},{""value"":653},{""value"":710}]",441
442,"[{""value"":379},{""value"":516},{""value"":900},{""value"":128}]",442
443,"[{""value"":942},{""value"":883},{""value"":741},{""value"":446}]",443
444,"[{""value"":524},{""value"":377},{""value"":535},{""value"":271},{""value"":458}]",444
445,"[{""value"":228},{""value"":438},{""value"":263},{""value"":393},{""value"":495}]",445
446,"[{""value"":592},{""value"":367},{""value"":914}]",446
447,"[{""value"":294},{""value"":308},{""value"":2}]",447
448,"[{""value"":520},{""value"":7},{""value"":348},{""value"":533},{""value"":485}]",448
449,"[{""value"":697},{""value"":1},{""value"":479},{""value"":961}]",449
450,"[{""value"":691},{""value"":951}]",450
451,"[{""value"":755}]",451
452,"[{""value"":568},{""value"":405},{""value"":737},{""value"":508}]",452
453,"[{""value"":967}]",453
454,"[{""value"":1},{""value"":475},{""value"":327}]",454
455,"[{""value"":542},{""value"":692}]",455
456,"[{""value"":463},{""value"":500},{""value"":81}]",456
457,"[{""value"":871},{""value"":253}]",457
458,"[{""value"":361},{""value"":867},{""value"":744},{""value"":249},{""value"":334}]",458
459,"[{""value"":409}]",459
460,"[{""value"":985},{""value"":9},{""value"":390},{""value"":635},{""value"":740}]",460
461,"[{""value"":359},{""value"":671}]",461
462,"[{""value"":398}]",462
463,"[{""value"":865},{""value"":353},{""value"":150}]",463
464,"[{""value"":541},{""value"":675}]",464
465,"[{""value"":329}]",465
466,"[{""value"":526},{""value"":260}]",466
467,"[{""value"":117},{""value"":884},{""value"":466},{""value"":188}]",467
468,"[{""value"":983}]",468
469,"[{""value"":790},{""value"":546},{""value"":806},{""value"":901},{""value"":878}]",469
470,"[{""value"":547},{""value"":297},{""value"":824}]",470
471,"[{""value"":962},{""value"":950}]",471
472,"[{""value"":963},{""value"":94}]",472
473,"[{""value"":13},{""value"":377},{""value"":576}]",473
474,"[{""value"":59},{""value"":401}]",474
475,"[{""value"":562},{""value"":315},{""value"":498},{""value"":280}]",475
476,"[{""value"":629},{""value"":558},{""value"":722}]",476
477,"[{""value"":123},{""value"":842},{""value"":440},{""value"":444}]",477
478,"[{""value"":260},{""value"":787}]",478
479,"[{""value"":801},{""value"":116},{""value"":675},{""value"":383}]",479
480,"[{""value"":872}]",480
481,"[{""value"":605},{""value"":674},{""value"":299},{""value"":165},{""value"":115}]",481
482,"[{""value"":768},{""value"":36},{""value"":189},{""value"":511},{""value"":808}]",482
483,"[{""value"":238},{""value"":683},{""value"":580}]",483
484,"[{""value"":202}]",484
485,"[{""value"":231},{""value"":778},{""value"":764},{""value"":8}]",485
486,"[{""value"":489},{""value"":1},{""value"":78},{""value"":432}]",486
487,"[{""value"":335},{""value"":971}]",487
488,"[{""value"":976},{""value"":224},{""value"":765}]",488
489,"[{""value"":384},{""value"":548},{""value"":49}]",489
490,"[{""value"":605},{""value"":235},{""value"":428},{""value"":618}]",490
491,"[{""value"":223},{""value"":239},{""value"":507},{""value"":435}]",491
492,"[{""value"":30},{""value"":78},{""value"":215},{""value"":667}]",492
493,"[{""value"":43},{""value"":789},{""value"":657},{""value"":192}]",493
494,"[{""value"":64},{""value"":625},{""value"":648},{""value"":200},{""value"":437}]",494
495,"[{""value"":612},{""value"":683},{""value"":757}]",495
496,"[{""value"":447},{""value"":597},{""value"":724},{""value"":415},{""value"":383}]",496
497,"[{""value"":946},{""value"":349},{""value"":556},{""value"":162},{""value"":522}]",497
498,"[{""value"":766},{""value"":267},{""value"":423},{""value"":576},{""value"":940}]",498
499,"[{""value"":658},{""value"":416}]",499
500,"[{""value"":266},{""value"":918},{""value"":147},{""value"":872},{""value"":733}]",500
501,"[{""value"":612}]",501
502,"[{""value"":547},{""value"":362},{""value"":770},{""value"":134}]",502
503,"[{""value"":962},{""value"":904}]",503
504,"[{""value"":173},{""value"":944},{""value"":181},{""value"":259},{""value"":932}]",504
505,"[{""value"":689},{""value"":851},{""value"":964}]",505
506,"[{""value"":589},{""value"":10},{""value"":830},{""value"":387}]",506
507,"[{""value"":95},{""value"":782},{""value"":597},{""value"":154},{""value"":171}]",507
508,"[{""value"":326},{""value"":719},{""value"":521}]",508
509,"[{""value"":763},{""value"":577},{""value"":853}]",509
510,"[{""value"":682},{""value"":590}]",510
511,"[{""value"":591},{""value"":409},{""value"":312},{""value"":873}]",511
512,"[{""value"":75},{""value"":8},{""value"":296}]",512
513,"[{""value"":293},{""value"":399}]",513
514,"[{""value"":237}]",514
515,"[{""value"":406},{""value"":636}]",515
516,"[{""value"":516}]",516
517,"[{""value"":274},{""value"":79},{""value"":124}]",517
518,"[{""value"":605},{""value"":811},{""value"":33},{""value"":644}]",518
519,"[{""value"":931},{""value"":81},{""value"":228},{""value"":485}]",519
520,"[{""value"":280}]",520
521,"[{""value"":173}]",521
522,"[{""value"":974},{""value"":130},{""value"":496}]",522
523,"[{""value"":629},{""value"":670},{""value"":357},{""value"":783},{""value"":835}]",523
524,"[{""value"":592},{""value"":590},{""value"":958}]",524
525,"[{""value"":435},{""value"":537},{""value"":429},{""value"":617}]",525
526,"[{""value"":6}]",526
527,"[{""value"":508},{""value"":425}]",527
528,"[{""value"":587},{""value"":864}]",528
529,"[{""value"":503},{""value"":890}]",529
530,"[{""value"":622}]",530
531,"[{""value"":45},{""value"":417},{""value"":646}]",531
532,"[{""value"":559}]",532
533,"[{""value"":958},{""value"":182}]",533
534,"[{""value"":840},{""value"":864},{""value"":117},{""value"":349}]",534
535,"[{""value"":62},{""value"":487}]",535
536,"[{""value"":861},{""value"":471},{""value"":243},{""value"":504}]",536
537,"[{""value"":474}]",537
538,"[{""value"":842},{""value"":242},{""value"":401},{""value"":192},{""value"":770}]",538
539,"[{""value"":672},{""value"":589},{""value"":560},{""value"":576}]",539
540,"[{""value"":77},{""value"":151},{""value"":788}]",540
541,"[{""value"":799}]",541
542,"[{""value"":480},{""value"":688},{""value"":487},{""value"":1000}]",542
543,"[{""value"":114},{""value"":991},{""value"":522},{""value"":697}]",543
544,"[{""value"":14}]",544
545,"[{""value"":910},{""value"":357},{""value"":447},{""value"":423},{""value"":398}]",545
546,"[{""value"":16}]",546
547,"[{""value"":136},{""value"":80},{""value"":170},{""value"":741},{""value"":631}]",547
548,"[{""value"":78},{""value"":290}]",548
549,"[{""value"":598},{""value"":263},{""value"":395}]",549
550,"[{""value"":591},{""value"":95},{""value"":363},{""value"":876},{""value"":856}]",550
551,"[{""value"":127},{""value"":143},{""value"":586}]",551
552,"[{""value"":683},{""value"":697},{""value"":363},{""value"":900},{""value"":319}]",552
553,"[{""value"":648}]",553
554,"[{""value"":927},{""value"":616},{""value"":47},{""value"":716}]",554
555,"[{""value"":726},{""value"":64}]",555
556,"[{""value"":986},{""value"":2}]",556
557,"[{""value"":207},{""value"":630},{""value"":9},{""value"":842},{""value"":868}]",557
558,"[{""value"":416}]",558
559,"[{""value"":725},{""value"":361},{""value"":252},{""value"":389},{""value"":146}]",559
560,"[{""value"":342}]",560
561,"[{""value"":451},{""value"":952},{""value"":678},{""value"":337}]",561
562,"[{""value"":431},{""value"":491}]",562
563,"[{""value"":223},{""value"":510}]",563
564,"[{""value"":394},{""value"":116},{""value"":554}]",564
565,"[{""value"":788},{""value"":567}]",565
566,"[{""value"":111},{""value"":201}]",566
567,"[{""value"":237}]",567
568,"[{""value"":648},{""value"":600},{""value"":355},{""value"":707},{""value"":707}]",568
569,"[{""value"":764}]",569
570,"[{""value"":240},{""value"":223},{""value"":887}]",570
571,"[{""value"":209},{""value"":830},{""value"":264},{""value"":328},{""value"":93}]",571
572,"[{""value"":286},{""value"":515}]",572
573,"[{""value"":211},{""value"":447},{""value"":852},{""value"":545}]",573
574,"[{""value"":358},{""value"":496},{""value"":396}]",574
575,"[{""value"":537},{""value"":640},{""value"":476},{""value"":111},{""value"":67}]",575
576,"[{""value"":533}]",576
577,"[{""value"":822},{""value"":382},{""value"":231},{""value"":407}]",577
578,"[{""value"":494},{""value"":67}]",578
579,"[{""value"":360},{""value"":442},{""value"":989},{""value"":664},{""value"":880}]",579
580,"[{""value"":213},{""value"":378}]",580
581,"[{""value"":65},{""value"":754},{""value"":31},{""value"":316},{""value"":226}]",581
582,"[{""value"":527},{""value"":188}]",582
583,"[{""value"":431},{""value"":555},{""value"":697},{""value"":41}]",583
584,"[{""value"":814},{""value"":434}]",584
585,"[{""value"":293},{""value"":345}]",585
586,"[{""value"":953},{""value"":446}]",586
587,"[{""value"":471},{""value"":534},{""value"":157},{""value"":627}]",587
588,"[{""value"":497},{""value"":954},{""value"":966}]",588
589,"[{""value"":34},{""value"":319}]",589
590,"[{""value"":292},{""value"":296},{""value"":19},{""value"":799},{""value"":255}]",590
591,"[{""value"":992},{""value"":964}]",591
592,"[{""value"":787},{""value"":874},{""value"":574},{""value"":134}]",592
593,"[{""value"":872}]",593
594,"[{""value"":889},{""value"":721},{""value"":474}]",594
595,"[{""value"":273},{""value"":416}]",595
596,"[{""value"":594},{""value"":238},{""value"":697},{""value"":915},{""value"":540}]",596
597,"[{""value"":973}]",597
598,"[{""value"":557},{""value"":547},{""value"":338},{""value"":394}]",598
599,"[{""value"":337},{""value"":694},{""value"":498},{""value"":764},{""value"":45}]",599
600,"[{""value"":251},{""value"":945}]",600
601,"[{""value"":8},{""value"":659},{""value"":201}]",601
602,"[{""value"":866},{""value"":360}]",602
603,"[{""value"":177},{""value"":46},{""value"":213}]",603
604,"[{""value"":151},{""value"":866}]",604
605,"[{""value"":466},{""value"":620},{""value"":518},{""value"":695},{""value"":50}]",605
606,"[{""value"":420},{""value"":266}]",606
607,"[{""value"":277},{""value"":899}]",607
608,"[{""value"":748}]",608
609,"[{""value"":267},{""value"":628},{""value"":130}]",609
610,"[{""value"":608},{""value"":175}]",610
611,"[{""value"":339}]",611
612,"[{""value"":647}]",612
613,"[{""value"":405},{""value"":364}]",613
614,"[{""value"":137},{""value"":988},{""value"":403}]",614
615,"[{""value"":912}]",615
616,"[{""value"":182}]",616
617,"[{""value"":933},{""value"":57},{""value"":680},{""value"":260},{""value"":357}]",617
618,"[{""value"":212},{""value"":506},{""value"":361},{""value"":584},{""value"":242}]",618
619,"[{""value"":475},{""value"":229},{""value"":388},{""value"":669}]",619
620,"[{""value"":971},{""value"":491},{""value"":965}]",620
621,"[{""value"":669},{""value"":798}]",621
622,"[{""value"":389}]",622
623,"[{""value"":26},{""value"":264},{""value"":386},{""value"":299}]",623
624,"[{""value"":510},{""value"":888}]",624
625,"[{""value"":720},{""value"":693},{""value"":587}]",625
626,"[{""value"":22},{""value"":38},{""value"":252}]",626
627,"[{""value"":967},{""value"":410}]",627
628,"[{""value"":149},{""value"":154},{""value"":104},{""value"":775},{""value"":812}]",628
629,"[{""value"":387},{""value"":723},{""value"":185}]",629
630,"[{""value"":21},{""value"":80},{""value"":987},{""value"":444},{""value"":390}]",630
631,"[{""value"":340},{""value"":436},{""value"":687},{""value"":407},{""value"":153}]",631
632,"[{""value"":499},{""value"":591},{""value"":545},{""value"":733},{""value"":272}]",632
633,"[{""value"":585},{""value"":311},{""value"":631}]",633
634,"[{""value"":997}]",634
635,"[{""value"":39},{""value"":675},{""value"":786}]",635
636,"[{""value"":961},{""value"":783}]",636
637,"[{""value"":490},{""value"":21},{""value"":537},{""value"":526},{""value"":787}]",637
638,"[{""value"":317},{""value"":532},{""value"":703}]",638
639,"[{""value"":999},{""value"":37}]",639
640,"[{""value"":953},{""value"":714}]",640
641,"[{""value"":82},{""value"":730}]",641
642,"[{""value"":512},{""value"":872}]",642
643,"[{""value"":603},{""value"":588},{""value"":815},{""value"":940},{""value"":757}]",643
644,"[{""value"":667}]",644
645,"[{""value"":145}]",645
646,"[{""value"":335},{""value"":34},{""value"":21},{""value"":531},{""value"":831}]",646
647,"[{""value"":524},{""value"":597},{""value"":213},{""value"":388},{""value"":774}]",647
648,"[{""value"":907},{""value"":973}]",648
649,"[{""value"":21},{""value"":47}]",649
650,"[{""value"":144},{""value"":425},{""value"":603}]",650
651,"[{""value"":772}]",651
652,"[{""value"":687},{""value"":234},{""value"":738},{""value"":627},{""value"":776}]",652
653,"[{""value"":178},{""value"":298},{""value"":201},{""value"":198},{""value"":536}]",653
654,"[{""value"":658},{""value"":757},{""value"":434},{""value"":649},{""value"":105}]",654
655,"[{""value"":964},{""value"":80},{""value"":181},{""value"":846},{""value"":767}]",655
656,"[{""value"":277},{""value"":168},{""value"":266},{""value"":729},{""value"":844}]",656
657,"[{""value"":902},{""value"":732},{""value"":46}]",657
658,"[{""value"":74},{""value"":272}]",658
659,"[{""value"":68},{""value"":899},{""value"":835}]",659
660,"[{""value"":143},{""value"":899},{""value"":245},{""value"":653},{""value"":307}]",660
661,"[{""value"":142}]",661
662,"[{""value"":687},{""value"":633}]",662
663,"[{""value"":522},{""value"":9},{""value"":386},{""value"":132}]",663
664,"[{""value"":563},{""value"":143},{""value"":792}]",664
665,"[{""value"":716}]",665
666,"[{""value"":893}]",666
667,"[{""value"":728}]",667
668,"[{""value"":73},{""value"":484}]",668
669,"[{""value"":533},{""value"":294}]",669
670,"[{""value"":339}]",670
671,"[{""value"":100},{""value"":835},{""value"":722}]",671
672,"[{""value"":415},{""value"":481}]",672
673,"[{""value"":816},{""value"":293},{""value"":919},{""value"":882}]",673
674,"[{""value"":857},{""value"":718},{""value"":98}]",674
675,"[{""value"":445},{""value"":305},{""value"":328}]",675
676,"[{""value"":982},{""value"":757},{""value"":161},{""value"":915}]",676
677,"[{""value"":443},{""value"":882},{""value"":716},{""value"":529}]",677
678,"[{""value"":438}]",678
679,"[{""value"":638}]",679
680,"[{""value"":350},{""value"":928}]",680
681,"[{""value"":824}]",681
682,"[{""value"":292}]",682
683,"[{""value"":600},{""value"":196}]",683
684,"[{""value"":372},{""value"":58},{""value"":144},{""value"":710}]",684
685,"[{""value"":129}]",685
686,"[{""value"":211},{""value"":755},{""value"":533},{""value"":809},{""value"":38}]",686
687,"[{""value"":622},{""value"":542},{""value"":185},{""value"":684},{""value"":388}]",687
688,"[{""value"":690},{""value"":250},{""value"":439},{""value"":327}]",688
689,"[{""value"":30}]",689
690,"[{""value"":588},{""value"":93},{""value"":157}]",690
691,"[{""value"":666},{""value"":459},{""value"":844}]",691
692,"[{""value"":283},{""value"":174}]",692
693,"[{""value"":676},{""value"":603},{""value"":214},{""value"":557},{""value"":930}]",693
694,"[{""value"":732},{""value"":576},{""value"":758},{""value"":941}]",694
695,"[{""value"":382},{""value"":309}]",695
696,"[{""value"":246},{""value"":622},{""value"":649},{""value"":972},{""value"":831}]",696
697,"[{""value"":786},{""value"":220},{""value"":434}]",697
698,"[{""value"":992}]",698
699,"[{""value"":928},{""value"":468},{""value"":524},{""value"":979},{""value"":8}]",699
700,"[{""value"":119},{""value"":815},{""value"":955},{""value"":773},{""value"":972}]",700
701,"[{""value"":224}]",701
702,"[{""value"":466},{""value"":714}]",702
703,"[{""value"":968}]",703
704,"[{""value"":79},{""value"":920}]",704
705,"[{""value"":932}]",705
706,"[{""value"":807},{""value"":550},{""value"":128},{""value"":921}]",706
707,"[{""value"":196},{""value"":594}]",707
708,"[{""value"":325},{""value"":905}]",708
709,"[{""value"":905},{""value"":295}]",709
710,"[{""value"":422},{""value"":509},{""value"":462},{""value"":508},{""value"":957}]",710
711,"[{""value"":767}]",711
712,"[{""value"":299},{""value"":42}]",712
713,"[{""value"":356},{""value"":477},{""value"":835},{""value"":192},{""value"":104}]",713
714,"[{""value"":273},{""value"":675}]",714
715,"[{""value"":716},{""value"":42}]",715
716,"[{""value"":517},{""value"":653},{""value"":296},{""value"":824}]",716
717,"[{""value"":563},{""value"":130},{""value"":319}]",717
718,"[{""value"":275}]",718
719,"[{""value"":38},{""value"":635},{""value"":715},{""value"":335}]",719
720,"[{""value"":590},{""value"":841}]",720
721,"[{""value"":252}]",721
722,"[{""value"":859},{""value"":680}]",722
723,"[{""value"":344},{""value"":290},{""value"":404},{""value"":781}]",723
724,"[{""value"":358}]",724
725,"[{""value"":880},{""value"":749},{""value"":477}]",725
726,"[{""value"":65},{""value"":819},{""value"":189},{""value"":432},{""value"":391}]",726
727,"[{""value"":179},{""value"":383},{""value"":469},{""value"":426},{""value"":822}]",727
728,"[{""value"":595},{""value"":561}]",728
729,"[{""value"":622}]",729
730,"[{""value"":754},{""value"":63},{""value"":947},{""value"":748}]",730
731,"[{""value"":379},{""value"":782},{""value"":842}]",731
732,"[{""value"":191},{""value"":34},{""value"":660},{""value"":73}]",732
733,"[{""value"":217},{""value"":959}]",733
734,"[{""value"":152},{""value"":568},{""value"":821}]",734
735,"[{""value"":730},{""value"":611},{""value"":816},{""value"":169}]",735
736,"[{""value"":183}]",736
737,"[{""value"":694},{""value"":301},{""value"":247}]",737
738,"[{""value"":107},{""value"":455},{""value"":360},{""value"":477}]",738
739,"[{""value"":286},{""value"":689},{""value"":116},{""value"":142}]",739
740,"[{""value"":292},{""value"":145},{""value"":348},{""value"":431}]",740
741,"[{""value"":512},{""value"":64},{""value"":705},{""value"":906}]",741
742,"[{""value"":137},{""value"":936}]",742
743,"[{""value"":131},{""value"":782},{""value"":600},{""value"":333},{""value"":466}]",743
744,"[{""value"":547},{""value"":897}]",744
745,"[{""value"":958},{""value"":48},{""value"":383},{""value"":959}]",745
746,"[{""value"":141},{""value"":964},{""value"":109},{""value"":771}]",746
747,"[{""value"":595},{""value"":963},{""value"":734}]",747
748,"[{""value"":818}]",748
749,"[{""value"":491}]",749
750,"[{""value"":856}]",750
751,"[{""value"":653}]",751
752,"[{""value"":144},{""value"":568},{""value"":274}]",752
753,"[{""value"":800},{""value"":239}]",753
754,"[{""value"":276},{""value"":162}]",754
755,"[{""value"":566}]",755
756,"[{""value"":603},{""value"":413},{""value"":897},{""value"":87},{""value"":388}]",756
757,"[{""value"":4},{""value"":66},{""value"":648},{""value"":964},{""value"":503}]",757
758,"[{""value"":714},{""value"":997},{""value"":205}]",758
759,"[{""value"":585},{""value"":504},{""value"":187},{""value"":7}]",759
760,"[{""value"":769},{""value"":195},{""value"":673}]",760
761,"[{""value"":325},{""value"":559}]",761
762,"[{""value"":73}]",762
763,"[{""value"":444},{""value"":552},{""value"":871},{""value"":620}]",763
764,"[{""value"":978},{""value"":641},{""value"":883},{""value"":774}]",764
765,"[{""value"":351}]",765
766,"[{""value"":102}]",766
767,"[{""value"":153},{""value"":301},{""value"":529}]",767
768,"[{""value"":370},{""value"":37},{""value"":885}]",768
769,"[{""value"":168},{""value"":572}]",769
770,"[{""value"":169},{""value"":507}]",770
771,"[{""value"":381},{""value"":802}]",771
772,"[{""value"":473},{""value"":949},{""value"":320},{""value"":542}]",772
773,"[{""value"":787},{""value"":214}]",773
774,"[{""value"":235},{""value"":496},{""value"":194},{""value"":170},{""value"":851}]",774
775,"[{""value"":780}]",775
776,"[{""value"":967},{""value"":686},{""value"":786},{""value"":826}]",776
777,"[{""value"":940},{""value"":268},{""value"":103}]",777
778,"[{""value"":128}]",778
779,"[{""value"":872},{""value"":459},{""value"":374}]",779
780,"[{""value"":425},{""value"":315},{""value"":85},{""value"":339},{""value"":474}]",780
781,"[{""value"":422},{""value"":846}]",781
782,"[{""value"":559}]",782
783,"[{""value"":265},{""value"":750}]",783
784,"[{""value"":389},{""value"":213},{""value"":297}]",784
785,"[{""value"":604}]",785
786,"[{""value"":713}]",786
787,"[{""value"":134},{""value"":679},{""value"":49}]",787
788,"[{""value"":66}]",788
789,"[{""value"":880},{""value"":59},{""value"":255},{""value"":868},{""value"":251}]",789
790,"[{""value"":406},{""value"":698},{""value"":634},{""value"":406},{""value"":643}]",790
791,"[{""value"":123},{""value"":805},{""value"":79}]",791
792,"[{""value"":218},{""value"":903},{""value"":967}]",792
793,"[{""value"":300},{""value"":25},{""value"":433}]",793
794,"[{""value"":708}]",794
795,"[{""value"":896}]",795
796,"[{""value"":771},{""value"":11},{""value"":295},{""value"":989}]",796
797,"[{""value"":673}]",797
798,"[{""value"":189}]",798
799,"[{""value"":159},{""value"":952},{""value"":103},{""value"":464},{""value"":683}]",799
800,"[{""value"":24},{""value"":452},{""value"":626},{""value"":742},{""value"":155}]",800
801,"[{""value"":940},{""value"":129},{""value"":333},{""value"":674}]",801
802,"[{""value"":898},{""value"":825},{""value"":354}]",802
803,"[{""value"":665},{""value"":732},{""value"":248},{""value"":478}]",803
804,"[{""value"":80}]",804
805,"[{""value"":692},{""value"":52}]",805
806,"[{""value"":999},{""value"":918}]",806
807,"[{""value"":473},{""value"":259},{""value"":208},{""value"":617},{""value"":585}]",807
808,"[{""value"":569}]",808
809,"[{""value"":360}]",809
810,"[{""value"":140},{""value"":942},{""value"":246},{""value"":95},{""value"":298}]",810
811,"[{""value"":300},{""value"":377},{""value"":737},{""value"":774},{""value"":15}]",811
812,"[{""value"":534},{""value"":581},{""value"":132},{""value"":930}]",812
813,"[{""value"":61},{""value"":258},{""value"":830},{""value"":311}]",813
814,"[{""value"":888},{""value"":506},{""value"":563},{""value"":586}]",814
815,"[{""value"":777},{""value"":200},{""value"":763}]",815
816,"[{""value"":478},{""value"":977}]",816
817,"[{""value"":88},{""value"":203}]",817
818,"[{""value"":378},{""value"":915},{""value"":780}]",818
819,"[{""value"":725},{""value"":589},{""value"":339},{""value"":793}]",819
820,"[{""value"":348},{""value"":300},{""value"":363}]",820
821,"[{""value"":456}]",821
822,"[{""value"":568}]",822
823,"[{""value"":70},{""value"":1000},{""value"":623}]",823
824,"[{""value"":180},{""value"":414}]",824
825,"[{""value"":305}]",825
826,"[{""value"":62},{""value"":105},{""value"":803},{""value"":394},{""value"":256}]",826
827,"[{""value"":377},{""value"":342},{""value"":177},{""value"":38},{""value"":856}]",827
828,"[{""value"":710},{""value"":69},{""value"":882},{""value"":581}]",828
829,"[{""value"":772},{""value"":586},{""value"":552},{""value"":110},{""value"":257}]",829
830,"[{""value"":413}]",830
831,"[{""value"":261}]",831
832,"[{""value"":345},{""value"":128}]",832
833,"[{""value"":802},{""value"":492}]",833
834,"[{""value"":319}]",834
835,"[{""value"":982},{""value"":875}]",835
836,"[{""value"":72},{""value"":97},{""value"":641},{""value"":830}]",836
837,"[{""value"":375},{""value"":657}]",837
838,"[{""value"":710},{""value"":483},{""value"":786}]",838
839,"[{""value"":499},{""value"":889}]",839
840,"[{""value"":543},{""value"":250},{""value"":508}]",840
841,"[{""value"":344},{""value"":555}]",841
842,"[{""value"":774}]",842
843,"[{""value"":632},{""value"":422},{""value"":404}]",843
844,"[{""value"":164}]",844
845,"[{""value"":476},{""value"":715}]",845
846,"[{""value"":142},{""value"":402},{""value"":40}]",846
847,"[{""value"":575},{""value"":975},{""value"":133},{""value"":594},{""value"":407}]",847
848,"[{""value"":702},{""value"":753}]",848
849,"[{""value"":8},{""value"":647},{""value"":854},{""value"":230}]",849
850,"[{""value"":392},{""value"":706},{""value"":699},{""value"":968}]",850
851,"[{""value"":179},{""value"":685},{""value"":673},{""value"":252},{""value"":988}]",851
852,"[{""value"":469}]",852
853,"[{""value"":527},{""value"":239},{""value"":892},{""value"":793}]",853
854,"[{""value"":262}]",854
855,"[{""value"":548},{""value"":529},{""value"":138},{""value"":820}]",855
856,"[{""value"":716},{""value"":838},{""value"":616},{""value"":865},{""value"":865}]",856
857,"[{""value"":647},{""value"":945},{""value"":451}]",857
858,"[{""value"":313}]",858
859,"[{""value"":412},{""value"":114},{""value"":882}]",859
860,"[{""value"":207},{""value"":223},{""value"":548},{""value"":368}]",860
861,"[{""value"":902},{""value"":25},{""value"":44}]",861
862,"[{""value"":188}]",862
863,"[{""value"":527},{""value"":698},{""value"":836}]",863
864,"[{""value"":921},{""value"":783},{""value"":278},{""value"":655},{""value"":95}]",864
865,"[{""value"":158},{""value"":732},{""value"":615},{""value"":223},{""value"":304}]",865
866,"[{""value"":858},{""value"":288},{""value"":610}]",866
867,"[{""value"":559},{""value"":996},{""value"":910},{""value"":933}]",867
868,"[{""value"":704},{""value"":887}]",868
869,"[{""value"":636},{""value"":138},{""value"":75},{""value"":672},{""value"":537}]",869
870,"[{""value"":544},{""value"":529},{""value"":757}]",870
871,"[{""value"":125}]",871
872,"[{""value"":624},{""value"":460}]",872
873,"[{""value"":742},{""value"":33}]",873
874,"[{""value"":839}]",874
875,"[{""value"":230},{""value"":628},{""value"":898},{""value"":368}]",875
876,"[{""value"":842},{""value"":466}]",876
877,"[{""value"":565},{""value"":254}]",877
878,"[{""value"":533},{""value"":60},{""value"":680},{""value"":460}]",878
879,"[{""value"":594},{""value"":573}]",879
880,"[{""value"":147}]",880
881,"[{""value"":424},{""value"":140}]",881
882,"[{""value"":818}]",882
883,"[{""value"":651},{""value"":164},{""value"":812},{""value"":559},{""value"":295}]",883
884,"[{""value"":218}]",884
885,"[{""value"":919},{""value"":403},{""value"":153},{""value"":315},{""value"":950}]",885
886,"[{""value"":176},{""value"":697},{""value"":816},{""value"":384}]",886
887,"[{""value"":450},{""value"":523}]",887
888,"[{""value"":409},{""value"":609},{""value"":970}]",888
889,"[{""value"":285},{""value"":658}]",889
890,"[{""value"":326},{""value"":467}]",890
891,"[{""value"":899},{""value"":404},{""value"":324},{""value"":344},{""value"":510}]",891
892,"[{""value"":758},{""value"":772}]",892
893,"[{""value"":155},{""value"":552},{""value"":209}]",893
894,"[{""value"":228}]",894
895,"[{""value"":199},{""value"":309},{""value"":678}]",895
896,"[{""value"":778},{""value"":182},{""value"":775},{""value"":13},{""value"":730}]",896
897,"[{""value"":674}]",897
898,"[{""value"":114}]",898
899,"[{""value"":783},{""value"":289}]",899
900,"[{""value"":398},{""value"":364},{""value"":402},{""value"":960},{""value"":305}]",900
901,"[{""value"":622},{""value"":19},{""value"":931},{""value"":789}]",901
902,"[{""value"":908},{""value"":801},{""value"":173}]",902
903,"[{""value"":872},{""value"":322}]",903
904,"[{""value"":425}]",904
905,"[{""value"":90},{""value"":565},{""value"":476},{""value"":803}]",905
906,"[{""value"":880},{""value"":674},{""value"":854},{""value"":703},{""value"":247}]",906
907,"[{""value"":941},{""value"":508},{""value"":197}]",907
908,"[{""value"":48},{""value"":357},{""value"":321},{""value"":647}]",908
909,"[{""value"":899},{""value"":679},{""value"":510},{""value"":81}]",909
910,"[{""value"":484},{""value"":782}]",910
911,"[{""value"":141},{""value"":78}]",911
912,"[{""value"":95},{""value"":899},{""value"":533},{""value"":888},{""value"":402}]",912
913,"[{""value"":956}]",913
914,"[{""value"":14},{""value"":708},{""value"":833}]",914
915,"[{""value"":589},{""value"":541},{""value"":27},{""value"":984},{""value"":821}]",915
916,"[{""value"":523},{""value"":258},{""value"":384},{""value"":228},{""value"":238}]",916
917,"[{""value"":529},{""value"":790}]",917
918,"[{""value"":654},{""value"":251},{""value"":889},{""value"":376},{""value"":42}]",918
919,"[{""value"":29},{""value"":848},{""value"":80}]",919
920,"[{""value"":580},{""value"":632},{""value"":756},{""value"":102}]",920
921,"[{""value"":718}]",921
922,"[{""value"":233},{""value"":736},{""value"":699},{""value"":512},{""value"":913}]",922
923,"[{""value"":346}]",923
924,"[{""value"":355},{""value"":214},{""value"":411},{""value"":838}]",924
925,"[{""value"":54},{""value"":104}]",925
926,"[{""value"":753}]",926
927,"[{""value"":669},{""value"":188},{""value"":533},{""value"":242},{""value"":974}]",927
928,"[{""value"":113},{""value"":180},{""value"":991},{""value"":10}]",928
929,"[{""value"":103},{""value"":609}]",929
930,"[{""value"":901}]",930
931,"[{""value"":749},{""value"":842},{""value"":846},{""value"":734}]",931
932,"[{""value"":379},{""value"":52},{""value"":176},{""value"":272}]",932
933,"[{""value"":183},{""value"":139},{""value"":397}]",933
934,"[{""value"":338},{""value"":740}]",934
935,"[{""value"":706},{""value"":26},{""value"":207},{""value"":506},{""value"":551}]",935
936,"[{""value"":925},{""value"":992},{""value"":827}]",936
937,"[{""value"":24},{""value"":235},{""value"":549},{""value"":412}]",937
938,"[{""value"":345},{""value"":69},{""value"":331},{""value"":551},{""value"":341}]",938
939,"[{""value"":14},{""value"":108}]",939
940,"[{""value"":565},{""value"":643},{""value"":796},{""value"":737}]",940
941,"[{""value"":506},{""value"":540},{""value"":812},{""value"":382},{""value"":477}]",941
942,"[{""value"":912}]",942
943,"[{""value"":956},{""value"":602}]",943
944,"[{""value"":672},{""value"":102}]",944
945,"[{""value"":609},{""value"":641}]",945
946,"[{""value"":721}]",946
947,"[{""value"":878}]",947
948,"[{""value"":104}]",948
949,"[{""value"":571},{""value"":461},{""value"":182},{""value"":249},{""value"":298}]",949
950,"[{""value"":335},{""value"":563},{""value"":616}]",950
951,"[{""value"":926},{""value"":885}]",951
952,"[{""value"":750},{""value"":736}]",952
953,"[{""value"":349},{""value"":855},{""value"":17},{""value"":163}]",953
954,"[{""value"":200},{""value"":959},{""value"":212},{""value"":180}]",954
955,"[{""value"":606},{""value"":715}]",955
956,"[{""value"":701},{""value"":926}]",956
957,"[{""value"":580},{""value"":450}]",957
958,"[{""value"":462},{""value"":767}]",958
959,"[{""value"":725},{""value"":306}]",959
960,"[{""value"":611},{""value"":540},{""value"":433},{""value"":114},{""value"":844}]",960
961,"[{""value"":993},{""value"":709},{""value"":557},{""value"":632}]",961
962,"[{""value"":517},{""value"":621},{""value"":969},{""value"":338},{""value"":294}]",962
963,"[{""value"":23}]",963
964,"[{""value"":218},{""value"":175},{""value"":117},{""value"":23},{""value"":47}]",964
965,"[{""value"":144}]",965
966,"[{""value"":29},{""value"":95},{""value"":718},{""value"":207},{""value"":313}]",966
967,"[{""value"":975},{""value"":389},{""value"":306},{""value"":170}]",967
968,"[{""value"":146},{""value"":625},{""value"":801},{""value"":361}]",968
969,"[{""value"":28},{""value"":186},{""value"":90},{""value"":385}]",969
970,"[{""value"":345},{""value"":916}]",970
971,"[{""value"":111}]",971
972,"[{""value"":493},{""value"":283},{""value"":996},{""value"":893},{""value"":109}]",972
973,"[{""value"":179},{""value"":260},{""value"":590}]",973
974,"[{""value"":406},{""value"":640},{""value"":305},{""value"":331}]",974
975,"[{""value"":578},{""value"":936},{""value"":128},{""value"":590},{""value"":932}]",975
976,"[{""value"":115},{""value"":777},{""value"":673},{""value"":115}]",976
977,"[{""value"":6},{""value"":226},{""value"":789},{""value"":251},{""value"":60}]",977
978,"[{""value"":885}]",978
979,"[{""value"":67},{""value"":901}]",979
980,"[{""value"":717},{""value"":888},{""value"":603},{""value"":923},{""value"":174}]",980
981,"[{""value"":503},{""value"":621},{""value"":454}]",981
982,"[{""value"":247},{""value"":934},{""value"":992},{""value"":582},{""value"":758}]",982
983,"[{""value"":768},{""value"":21},{""value"":680},{""value"":27},{""value"":854}]",983
984,"[{""value"":281},{""value"":939}]",984
985,"[{""value"":180},{""value"":752}]",985
986,"[{""value"":923}]",986
987,"[{""value"":937},{""value"":41},{""value"":232},{""value"":191}]",987
988,"[{""value"":369},{""value"":319},{""value"":49},{""value"":404},{""value"":1000}]",988
989,"[{""value"":580},{""value"":833},{""value"":541},{""value"":856}]",989
990,"[{""value"":437},{""value"":548}]",990
991,"[{""value"":736},{""value"":945},{""value"":27}]",991
992,"[{""value"":15},{""value"":556},{""value"":829}]",992
993,"[{""value"":917}]",993
994,"[{""value"":998},{""value"":54},{""value"":749},{""value"":799}]",994
995,"[{""value"":461}]",995
996,"[{""value"":587}]",996
997,"[{""value"":760}]",997
998,"[{""value"":808},{""value"":15}]",998
999,"[{""value"":132},{""value"":641},{""value"":278}]",999
1000,"[{""value"":420},{""value"":512}]",1000
